{
  "overall": {
    "mean_r2": -0.006164689858754476,
    "mean_mae": 4.829733433822791,
    "mean_rmse": 6.216606243175463,
    "best_epoch": 60,
    "val_loss": 0.35477150028402155
  },
  "per_element": {
    "Cd": {
      "mae": 0.12724669277668,
      "rmse": 0.18190993576496806,
      "r2": -0.9106431007385254
    },
    "Cu": {
      "mae": 0.5662788152694702,
      "rmse": 0.6899599800390461,
      "r2": 0.1592974066734314
    },
    "Ni": {
      "mae": 0.5005232691764832,
      "rmse": 0.7233423635985583,
      "r2": 0.3336595296859741
    },
    "Mn": {
      "mae": 7.135878086090088,
      "rmse": 8.678175498367658,
      "r2": 0.5353661775588989
    },
    "Fe": {
      "mae": 18.708694458007812,
      "rmse": 24.849640614541592,
      "r2": 0.09399694204330444
    },
    "Zn": {
      "mae": 1.939779281616211,
      "rmse": 2.176609066740958,
      "r2": -0.24866509437561035
    }
  },
  "train_losses": [
    0.4289290754849674,
    0.33057765241797643,
    0.33950005232832814,
    0.279104643878136,
    0.2524602263028385,
    0.24433163593288595,
    0.22376528700799433,
    0.2319064231319282,
    0.224889658334601,
    0.2521341754734971,
    0.20847814820194974,
    0.20367141830102178,
    0.15748352204797833,
    0.12261189162048675,
    0.10847467661813925,
    0.11486037416767528,
    0.11621676146529103,
    0.13087655274012616,
    0.09885498437717671,
    0.12010836146260036,
    0.07761727290526602,
    0.08128099814626097,
    0.11185468483062191,
    0.09741048833341089,
    0.07040012673339771,
    0.07079461893735041,
    0.07239469066830992,
    0.07698077293297717,
    0.0699036933538568,
    0.0751974187393225,
    0.06884317816668795,
    0.0675344395501013,
    0.060646437051642035,
    0.0641074090741063,
    0.054553939754726326,
    0.06473460497746941,
    0.05090251564979553,
    0.0513777346101426,
    0.09740572257806326,
    0.04853691211866058,
    0.040440498758818354,
    0.06264819375431264,
    0.06607561302549056,
    0.05617836532929472,
    0.05366785357926638,
    0.04453531499127395,
    0.06432247707861981,
    0.038724858455985556,
    0.08145273095778836,
    0.054023730845851756,
    0.0898786009154247,
    0.06419500549330966,
    0.06717075828377528,
    0.0616377180314246,
    0.04384468450346066,
    0.0416628856581586,
    0.05993593239602242,
    0.053255775502619854,
    0.04800957816702719,
    0.07535730313708763,
    0.04493060594296638,
    0.061478850495724276,
    0.055286710043899887,
    0.0907711464030142,
    0.05204510666031874,
    0.04002306399909594,
    0.036863745339499175,
    0.04488213030436567,
    0.05323427090890535,
    0.04146115948225706,
    0.04437210996642368,
    0.05138430679003701,
    0.04207350325038415,
    0.0447148836523522,
    0.04662316076400626,
    0.03664127754346105,
    0.04438681087193598,
    0.03741778626696754,
    0.03040985524199391,
    0.0370622078198513
  ],
  "val_losses": [
    0.4508566531268033,
    0.415790086442774,
    0.42804585803638806,
    0.4658889716321772,
    0.5134867456826296,
    0.5378988818688826,
    0.5431049737063322,
    0.48701507124033844,
    0.4727649986743927,
    0.5338907729495656,
    0.596496657891707,
    0.5701429816809568,
    0.40737020698460663,
    0.43325198644941504,
    0.5470344857736067,
    0.5670047862963243,
    0.5637873113155365,
    0.5891067954626951,
    0.5465298945253546,
    0.5939262509346008,
    0.48018288070505316,
    0.5306551862846721,
    0.5376364128156141,
    0.5551811239936135,
    0.5355792560360648,
    0.5352674478834326,
    0.5236309170722961,
    0.5372563167051836,
    0.435503062876788,
    0.48570295897397125,
    0.5314634279771284,
    0.48108831589872186,
    0.5171513069759716,
    0.5716415995901282,
    0.5292073081840168,
    0.5548142032189802,
    0.4812775633551858,
    0.4637150927023454,
    0.45834742621942,
    0.5193838206204501,
    0.4550745026631789,
    0.4510680274529891,
    0.4074032509868795,
    0.38418780944564124,
    0.42072429033842956,
    0.48125175725330005,
    0.4488025253469294,
    0.42903242057020013,
    0.42609350789677014,
    0.46991217678243463,
    0.4275717613371936,
    0.45481892742893915,
    0.43274289775978436,
    0.4627359184351834,
    0.4368428899483247,
    0.44745512984015723,
    0.4985191957517104,
    0.41704331744800915,
    0.4246221713044427,
    0.35477150028402155,
    0.39066762138496747,
    0.4112320908091285,
    0.37819554995406757,
    0.3756528754125942,
    0.4466767080805518,
    0.45349960841915826,
    0.4557025974447077,
    0.48332560604268854,
    0.4897039532661438,
    0.45719372819770465,
    0.4456552714109421,
    0.4595452276143161,
    0.4392394491217353,
    0.42555681548335333,
    0.4468630443919789,
    0.42842893302440643,
    0.48072106865319336,
    0.43733786046504974,
    0.40623174065893347,
    0.411277021874081
  ],
  "elements": [
    "Cd",
    "Cu",
    "Ni",
    "Mn",
    "Fe",
    "Zn"
  ],
  "label_mean": [
    0.4691603183746338,
    1.1083205938339233,
    1.5909923315048218,
    26.949464797973633,
    19.318702697753906,
    2.9977099895477295
  ],
  "label_std": [
    0.18260523676872253,
    0.5925527215003967,
    0.8057073950767517,
    14.575610160827637,
    30.892536163330078,
    2.534567356109619
  ]
}